Student ID,Well versed with the subject,Explains concepts in an understandable way,Use of presentations,Degree of difficulty of assignments,Solves doubts willingly,Structuring of the course,Provides support for students going above and beyond,Course recommendation based on relevance,Feedback,Sentiment
340,5,2,7,6,9,2,1,8,The course was excellent and  relevant to my career.,Positive
253,6,5,8,6,2,1,2,9,The course was excellent and  relevant to my career.,Positive
680,7,7,6,5,4,2,3,1,The Course was very bad and poor.,Negative
806,9,6,7,1,5,9,4,6,The course was okay but could be improved.,Positive
632,8,10,8,4,6,6,9,9,The course was excellent and  relevant to my career.,Positive
832,7,2,7,8,3,5,1,4,The Course was very bad and poor.,Negative
772,9,3,5,2,10,3,8,1,The Course was very bad and poor.,Negative
961,9,8,7,4,4,3,3,10,The course was excellent and  relevant to my career.,Positive
814,6,5,8,6,4,4,7,9,The course was excellent and  relevant to my career.,Positive
863,5,9,4,7,9,4,4,5,The course was okay but could be improved.,Positive
576,10,3,8,6,6,3,6,9,The course was excellent and  relevant to my career.,Positive
702,8,4,7,1,2,1,8,8,The course was excellent and  relevant to my career.,Positive
541,5,4,4,2,2,7,8,1,The Course was very bad and poor.,Negative
552,5,6,7,2,7,4,4,2,The Course was very bad and poor.,Negative
510,6,7,8,3,4,7,7,6,The course was okay but could be improved.,Positive
159,7,7,6,6,3,9,3,1,The Course was very bad and poor.,Negative
223,9,10,4,5,7,10,10,6,The course was okay but could be improved.,Positive
807,8,3,4,2,2,4,6,1,The Course was very bad and poor.,Negative
525,9,9,4,3,5,5,9,2,The Course was very bad and poor.,Negative
799,5,6,5,4,2,1,1,7,The course was okay but could be improved.,Positive
24,9,10,6,10,2,10,1,9,The course was excellent and  relevant to my career.,Positive
509,8,2,7,5,2,3,4,4,The Course was very bad and poor.,Negative
797,9,10,4,10,9,2,10,7,The course was okay but could be improved.,Positive
418,8,8,6,7,9,5,2,8,The course was excellent and  relevant to my career.,Positive
48,5,5,4,2,1,10,10,9,The course was excellent and  relevant to my career.,Positive
657,9,5,7,3,2,8,10,6,The course was okay but could be improved.,Positive
864,9,8,5,2,3,9,2,8,The course was excellent and  relevant to my career.,Positive
861,5,6,4,5,4,4,6,6,The course was okay but could be improved.,Positive
118,9,10,7,7,4,6,9,1,The Course was very bad and poor.,Negative
387,7,3,8,1,6,8,6,8,The course was excellent and  relevant to my career.,Positive
282,5,6,7,3,8,1,1,9,The course was excellent and  relevant to my career.,Positive
503,8,6,6,3,3,6,4,10,The course was excellent and  relevant to my career.,Positive
934,5,6,4,6,10,3,4,10,The course was excellent and  relevant to my career.,Positive
781,8,3,4,5,1,8,10,5,The course was okay but could be improved.,Positive
898,10,10,4,3,5,4,2,1,The Course was very bad and poor.,Negative
474,8,3,7,6,4,3,7,7,The course was okay but could be improved.,Positive
704,9,9,8,6,8,4,8,5,The course was okay but could be improved.,Positive
977,9,5,4,4,6,3,1,9,The course was excellent and  relevant to my career.,Positive
454,9,6,6,1,10,8,10,7,The course was okay but could be improved.,Positive
295,5,7,6,3,1,7,2,9,The course was excellent and  relevant to my career.,Positive
35,10,6,4,5,6,2,3,1,The Course was very bad and poor.,Negative
304,9,9,4,6,5,1,7,2,The Course was very bad and poor.,Negative
56,6,9,6,8,9,6,2,4,The Course was very bad and poor.,Negative
922,8,10,7,4,5,9,3,5,The course was okay but could be improved.,Positive
569,10,7,6,9,2,6,2,5,The course was okay but could be improved.,Positive
186,6,4,4,4,6,9,10,10,The course was excellent and  relevant to my career.,Positive
258,7,2,7,2,7,2,6,10,The course was excellent and  relevant to my career.,Positive
560,8,7,8,3,8,7,4,8,The course was excellent and  relevant to my career.,Positive
621,10,4,5,1,5,10,1,10,The course was excellent and  relevant to my career.,Positive
568,10,7,4,6,10,8,10,8,The course was excellent and  relevant to my career.,Positive
393,6,9,8,7,5,8,1,4,The Course was very bad and poor.,Negative
12,8,10,7,2,8,9,6,6,The course was okay but could be improved.,Positive
798,7,2,8,7,10,5,3,5,The course was okay but could be improved.,Positive
740,8,10,7,3,2,10,10,1,The Course was very bad and poor.,Negative
184,10,9,8,6,4,8,8,9,The course was excellent and  relevant to my career.,Positive
410,7,2,5,2,6,6,3,10,The course was excellent and  relevant to my career.,Positive
480,10,6,7,8,5,3,1,5,The course was okay but could be improved.,Positive
84,7,4,6,10,7,7,8,9,The course was excellent and  relevant to my career.,Positive
89,9,9,4,5,1,2,3,9,The course was excellent and  relevant to my career.,Positive
763,6,9,6,7,6,10,2,5,The course was okay but could be improved.,Positive
86,7,8,6,8,3,10,2,7,The course was okay but could be improved.,Positive
867,6,4,6,4,2,7,5,3,The Course was very bad and poor.,Negative
248,6,6,4,6,6,6,2,3,The Course was very bad and poor.,Negative
751,7,3,8,10,2,7,2,6,The course was okay but could be improved.,Positive
522,6,9,8,10,9,5,3,6,The course was okay but could be improved.,Positive
696,5,5,4,9,3,1,8,6,The course was okay but could be improved.,Positive
274,8,2,4,7,10,8,5,8,The course was excellent and  relevant to my career.,Positive
921,9,7,5,10,10,9,6,4,The Course was very bad and poor.,Negative
957,6,2,7,8,5,9,5,4,The Course was very bad and poor.,Negative
88,9,4,4,9,9,9,7,10,The course was excellent and  relevant to my career.,Positive
149,5,6,5,1,8,9,7,8,The course was excellent and  relevant to my career.,Positive
737,7,9,4,5,5,2,2,1,The Course was very bad and poor.,Negative
891,7,2,4,9,6,9,7,9,The course was excellent and  relevant to my career.,Positive
1,9,6,8,7,6,5,3,10,The course was excellent and  relevant to my career.,Positive
868,7,9,7,2,6,2,9,4,The Course was very bad and poor.,Negative
895,5,5,7,7,2,1,8,9,The course was excellent and  relevant to my career.,Positive
638,9,10,8,2,1,1,4,8,The course was excellent and  relevant to my career.,Positive
707,5,6,6,5,1,9,6,9,The course was excellent and  relevant to my career.,Positive
432,9,9,6,8,2,3,2,4,The Course was very bad and poor.,Negative
988,7,4,6,7,6,9,7,1,The Course was very bad and poor.,Negative
742,7,7,8,2,1,1,8,1,The Course was very bad and poor.,Negative
730,6,5,4,5,6,6,7,2,The Course was very bad and poor.,Negative
321,5,7,6,2,3,5,3,5,The course was okay but could be improved.,Positive
904,8,5,8,9,7,9,8,6,The course was okay but could be improved.,Positive
171,6,10,4,6,1,6,2,3,The Course was very bad and poor.,Negative
695,10,4,4,1,5,8,7,1,The Course was very bad and poor.,Negative
498,8,5,4,5,10,7,1,10,The course was excellent and  relevant to my career.,Positive
446,7,8,5,10,10,2,5,9,The course was excellent and  relevant to my career.,Positive
982,9,10,7,5,6,6,1,5,The course was okay but could be improved.,Positive
981,7,6,7,5,4,6,8,3,The Course was very bad and poor.,Negative
849,6,10,6,7,7,4,10,7,The course was okay but could be improved.,Positive
297,7,10,6,8,10,10,2,8,The course was excellent and  relevant to my career.,Positive
713,8,6,7,5,2,7,10,8,The course was excellent and  relevant to my career.,Positive
192,8,4,8,6,3,5,1,5,The course was okay but could be improved.,Positive
561,9,6,4,8,6,8,3,3,The Course was very bad and poor.,Negative
364,6,6,7,9,6,4,7,6,The course was okay but could be improved.,Positive
40,6,7,5,6,10,5,6,3,The Course was very bad and poor.,Negative
521,5,9,4,2,1,8,3,7,The course was okay but could be improved.,Positive
201,8,2,8,9,8,8,9,4,The Course was very bad and poor.,Negative
780,6,4,4,10,6,5,6,8,The course was excellent and  relevant to my career.,Positive
853,7,9,4,8,9,4,10,2,The Course was very bad and poor.,Negative
202,5,6,6,10,3,4,2,8,The course was excellent and  relevant to my career.,Positive
421,6,3,8,10,6,8,7,9,The course was excellent and  relevant to my career.,Positive
671,9,8,6,10,10,7,7,8,The course was excellent and  relevant to my career.,Positive
334,5,9,4,3,8,10,4,2,The Course was very bad and poor.,Negative
843,6,8,5,4,5,5,10,6,The course was okay but could be improved.,Positive
57,10,7,6,10,4,4,2,4,The Course was very bad and poor.,Negative
353,6,7,5,3,6,6,7,5,The course was okay but could be improved.,Positive
681,7,2,7,5,2,1,3,7,The course was okay but could be improved.,Positive
394,6,3,6,10,7,4,3,3,The Course was very bad and poor.,Negative
188,7,6,8,9,9,8,9,10,The course was excellent and  relevant to my career.,Positive
641,5,10,6,7,4,2,5,4,The Course was very bad and poor.,Negative
544,10,7,8,4,6,5,7,8,The course was excellent and  relevant to my career.,Positive
163,9,3,4,7,3,8,6,8,The course was excellent and  relevant to my career.,Positive
283,9,2,6,1,2,10,5,5,The course was okay but could be improved.,Positive
820,6,5,4,9,2,5,10,7,The course was okay but could be improved.,Positive
254,6,6,6,8,9,4,4,8,The course was excellent and  relevant to my career.,Positive
221,9,6,8,1,8,2,5,6,The course was okay but could be improved.,Positive
736,8,2,8,8,2,6,5,4,The Course was very bad and poor.,Negative
280,9,10,4,7,7,3,5,4,The Course was very bad and poor.,Negative
976,5,2,5,5,7,9,4,3,The Course was very bad and poor.,Negative
481,9,10,8,9,1,3,1,9,The course was excellent and  relevant to my career.,Positive
80,7,6,4,1,5,6,1,8,The course was excellent and  relevant to my career.,Positive
473,10,10,7,5,2,6,10,5,The course was okay but could be improved.,Positive
762,10,7,5,7,8,9,3,4,The Course was very bad and poor.,Negative
385,5,2,6,7,3,2,10,1,The Course was very bad and poor.,Negative
195,9,7,5,5,10,10,5,1,The Course was very bad and poor.,Negative
144,8,6,5,6,3,8,2,6,The course was okay but could be improved.,Positive
767,10,10,8,3,9,6,4,8,The course was excellent and  relevant to my career.,Positive
300,6,8,4,5,5,9,5,4,The Course was very bad and poor.,Negative
580,5,2,5,8,6,5,4,9,The course was excellent and  relevant to my career.,Positive
216,5,9,8,2,4,8,9,10,The course was excellent and  relevant to my career.,Positive
583,9,3,4,6,5,3,8,7,The course was okay but could be improved.,Positive
881,7,9,5,9,4,5,4,8,The course was excellent and  relevant to my career.,Positive
488,8,8,6,9,7,4,6,1,The Course was very bad and poor.,Negative
892,5,8,8,9,6,9,10,6,The course was okay but could be improved.,Positive
152,7,2,5,1,5,10,5,6,The course was okay but could be improved.,Positive
925,7,10,6,7,9,10,1,3,The Course was very bad and poor.,Negative
729,9,9,8,7,5,4,5,5,The course was okay but could be improved.,Positive
647,5,5,8,8,9,6,9,8,The course was excellent and  relevant to my career.,Positive
686,8,6,5,5,2,6,5,8,The course was excellent and  relevant to my career.,Positive
93,9,10,6,4,9,6,7,8,The course was excellent and  relevant to my career.,Positive
485,8,4,7,1,4,7,1,4,The Course was very bad and poor.,Negative
59,5,8,5,6,10,3,4,10,The course was excellent and  relevant to my career.,Positive
907,10,4,7,6,1,2,5,1,The Course was very bad and poor.,Negative
158,10,6,5,6,2,10,3,8,The course was excellent and  relevant to my career.,Positive
955,10,4,4,1,10,1,10,10,The course was excellent and  relevant to my career.,Positive
758,8,3,7,7,9,6,7,5,The course was okay but could be improved.,Positive
605,6,4,4,4,7,5,5,2,The Course was very bad and poor.,Negative
475,10,6,4,9,3,1,6,7,The course was okay but could be improved.,Positive
154,9,7,4,8,2,6,3,9,The course was excellent and  relevant to my career.,Positive
79,6,4,6,6,6,4,9,10,The course was excellent and  relevant to my career.,Positive
36,10,6,5,2,1,9,9,6,The course was okay but could be improved.,Positive
562,6,3,6,7,8,7,4,1,The Course was very bad and poor.,Negative
231,10,7,8,1,3,3,3,3,The Course was very bad and poor.,Negative
869,8,7,6,2,9,4,1,7,The course was okay but could be improved.,Positive
608,7,4,6,5,4,7,8,7,The course was okay but could be improved.,Positive
846,10,7,7,4,7,10,7,1,The Course was very bad and poor.,Negative
542,10,4,7,7,2,2,5,9,The course was excellent and  relevant to my career.,Positive
941,9,3,7,2,9,7,3,1,The Course was very bad and poor.,Negative
919,10,2,8,5,6,3,8,5,The course was okay but could be improved.,Positive
352,6,2,6,3,5,3,8,6,The course was okay but could be improved.,Positive
839,9,2,5,10,4,4,9,1,The Course was very bad and poor.,Negative
266,8,8,5,6,6,8,2,2,The Course was very bad and poor.,Negative
298,8,4,8,9,7,1,7,3,The Course was very bad and poor.,Negative
929,10,2,6,1,1,9,9,7,The course was okay but could be improved.,Positive
574,6,4,8,5,9,5,7,10,The course was excellent and  relevant to my career.,Positive
250,5,7,7,3,1,6,3,1,The Course was very bad and poor.,Negative
616,9,8,6,9,6,3,5,8,The course was excellent and  relevant to my career.,Positive
164,8,5,7,10,8,9,10,1,The Course was very bad and poor.,Negative
827,6,3,4,9,7,8,7,6,The course was okay but could be improved.,Positive
228,7,6,6,1,6,6,6,9,The course was excellent and  relevant to my career.,Positive
787,10,10,5,10,1,9,3,8,The course was excellent and  relevant to my career.,Positive
317,8,8,4,1,10,10,9,1,The Course was very bad and poor.,Negative
110,9,6,4,1,4,7,9,5,The course was okay but could be improved.,Positive
165,6,2,6,2,2,10,2,2,The Course was very bad and poor.,Negative
701,5,9,7,1,9,9,1,9,The course was excellent and  relevant to my career.,Positive
362,7,9,6,7,4,8,1,2,The Course was very bad and poor.,Negative
890,8,7,5,3,9,1,4,5,The course was okay but could be improved.,Positive
728,10,9,4,8,5,2,3,10,The course was excellent and  relevant to my career.,Positive
466,9,8,5,5,6,2,10,4,The Course was very bad and poor.,Negative
709,9,3,6,4,4,8,10,1,The Course was very bad and poor.,Negative
482,10,3,4,3,10,1,8,5,The course was okay but could be improved.,Positive
406,9,10,6,1,6,1,9,2,The Course was very bad and poor.,Negative
66,8,5,8,7,6,1,9,9,The course was excellent and  relevant to my career.,Positive
862,6,5,6,5,7,2,10,8,The course was excellent and  relevant to my career.,Positive
61,9,8,6,5,3,10,6,6,The course was okay but could be improved.,Positive
111,7,9,7,1,10,10,3,10,The course was excellent and  relevant to my career.,Positive
147,6,8,4,6,9,6,8,7,The course was okay but could be improved.,Positive
211,7,4,4,3,7,8,7,10,The course was excellent and  relevant to my career.,Positive
996,6,5,6,10,8,7,8,4,The Course was very bad and poor.,Negative
459,8,5,8,6,6,1,8,4,The Course was very bad and poor.,Negative
81,5,5,6,5,7,3,9,5,The course was okay but could be improved.,Positive
288,5,9,6,9,4,4,2,6,The course was okay but could be improved.,Positive
6,7,10,8,3,3,4,1,2,The Course was very bad and poor.,Negative
547,6,6,8,5,1,2,2,8,The course was excellent and  relevant to my career.,Positive
30,6,2,7,5,1,10,9,10,The course was excellent and  relevant to my career.,Positive
445,9,4,4,2,4,8,1,6,The course was okay but could be improved.,Positive
591,6,9,8,5,10,6,2,10,The course was excellent and  relevant to my career.,Positive
770,10,10,5,7,10,7,7,10,The course was excellent and  relevant to my career.,Positive
484,9,6,8,10,3,2,8,4,The Course was very bad and poor.,Negative
180,8,4,4,1,6,9,6,1,The Course was very bad and poor.,Negative
946,5,5,5,6,1,3,10,5,The course was okay but could be improved.,Positive
901,9,8,6,1,2,9,8,2,The Course was very bad and poor.,Negative
517,10,5,7,7,5,10,6,5,The course was okay but could be improved.,Positive
545,9,4,8,1,8,6,2,4,The Course was very bad and poor.,Negative
918,8,3,8,9,9,1,6,1,The Course was very bad and poor.,Negative
652,8,3,4,8,3,2,2,3,The Course was very bad and poor.,Negative
471,10,10,4,8,2,2,4,7,The course was okay but could be improved.,Positive
323,6,8,7,5,4,1,9,3,The Course was very bad and poor.,Negative
276,8,5,7,9,1,10,1,2,The Course was very bad and poor.,Negative
672,7,8,5,6,5,10,5,10,The course was excellent and  relevant to my career.,Positive
337,10,7,6,8,9,5,1,1,The Course was very bad and poor.,Negative
468,7,7,8,4,2,1,5,10,The course was excellent and  relevant to my career.,Positive
380,8,8,4,8,2,4,9,2,The Course was very bad and poor.,Negative
755,9,8,7,2,9,6,3,7,The course was okay but could be improved.,Positive
267,8,9,4,4,8,4,8,1,The Course was very bad and poor.,Negative
598,9,3,4,9,3,4,5,1,The Course was very bad and poor.,Negative
128,6,2,6,1,9,3,9,2,The Course was very bad and poor.,Negative
444,8,2,6,10,7,2,4,8,The course was excellent and  relevant to my career.,Positive
572,6,5,4,4,8,6,8,9,The course was excellent and  relevant to my career.,Positive
319,8,3,6,6,7,10,8,4,The Course was very bad and poor.,Negative
390,8,6,7,5,1,4,3,9,The course was excellent and  relevant to my career.,Positive
176,10,2,6,7,4,10,1,3,The Course was very bad and poor.,Negative
883,7,4,4,2,8,6,7,4,The Course was very bad and poor.,Negative
831,5,2,8,3,5,10,7,7,The course was okay but could be improved.,Positive
220,10,5,8,7,9,7,2,7,The course was okay but could be improved.,Positive
17,7,6,5,3,9,5,5,2,The Course was very bad and poor.,Negative
938,10,10,6,5,2,9,9,9,The course was excellent and  relevant to my career.,Positive
651,8,7,6,3,9,10,6,1,The Course was very bad and poor.,Negative
953,5,10,8,10,6,4,6,4,The Course was very bad and poor.,Negative
902,5,8,6,10,4,5,5,9,The course was excellent and  relevant to my career.,Positive
167,7,7,5,8,6,9,9,8,The course was excellent and  relevant to my career.,Positive
669,9,3,4,5,2,2,1,6,The course was okay but could be improved.,Positive
859,8,3,5,9,10,3,1,6,The course was okay but could be improved.,Positive
120,8,4,7,5,4,4,10,6,The course was okay but could be improved.,Positive
293,10,4,7,1,6,7,7,4,The Course was very bad and poor.,Negative
789,10,2,8,7,9,8,1,4,The Course was very bad and poor.,Negative
182,5,2,7,2,3,6,1,9,The course was excellent and  relevant to my career.,Positive
369,10,5,4,4,3,7,4,10,The course was excellent and  relevant to my career.,Positive
207,6,8,6,7,9,7,2,5,The course was okay but could be improved.,Positive
842,10,7,5,3,3,6,4,6,The course was okay but could be improved.,Positive
38,5,8,7,6,10,8,9,5,The course was okay but could be improved.,Positive
495,5,4,7,9,6,10,5,9,The course was excellent and  relevant to my career.,Positive
942,10,6,8,3,7,8,4,5,The course was okay but could be improved.,Positive
752,10,7,4,4,4,9,10,7,The course was okay but could be improved.,Positive
940,7,3,6,9,10,8,3,5,The course was okay but could be improved.,Positive
648,5,7,7,9,6,3,10,3,The Course was very bad and poor.,Negative
125,6,2,4,5,9,7,7,7,The course was okay but could be improved.,Positive
516,10,2,8,9,2,3,3,1,The Course was very bad and poor.,Negative
963,9,6,4,5,3,3,6,6,The course was okay but could be improved.,Positive
215,5,6,6,2,1,9,5,8,The course was excellent and  relevant to my career.,Positive
823,7,5,8,3,4,3,1,10,The course was excellent and  relevant to my career.,Positive
840,5,7,5,6,9,9,10,6,The course was okay but could be improved.,Positive
429,8,3,5,1,8,1,8,9,The course was excellent and  relevant to my career.,Positive
109,6,3,5,6,1,6,6,10,The course was excellent and  relevant to my career.,Positive
795,6,9,8,4,2,6,10,6,The course was okay but could be improved.,Positive
760,9,4,4,3,8,5,10,1,The Course was very bad and poor.,Negative
536,10,10,4,7,8,7,6,2,The Course was very bad and poor.,Negative
888,6,6,5,2,3,6,6,3,The Course was very bad and poor.,Negative
719,10,10,8,7,6,10,6,4,The Course was very bad and poor.,Negative
654,6,4,4,9,5,8,8,2,The Course was very bad and poor.,Negative
947,7,3,8,1,5,9,7,2,The Course was very bad and poor.,Negative
403,5,7,6,6,5,6,4,6,The course was okay but could be improved.,Positive
124,9,9,7,9,1,9,4,3,The Course was very bad and poor.,Negative
548,9,8,6,7,1,2,7,6,The course was okay but could be improved.,Positive
880,7,3,6,3,5,3,3,10,The course was excellent and  relevant to my career.,Positive
939,10,10,7,4,1,2,3,9,The course was excellent and  relevant to my career.,Positive
166,6,10,4,4,4,8,4,6,The course was okay but could be improved.,Positive
885,5,6,7,7,2,2,5,7,The course was okay but could be improved.,Positive
112,7,9,6,9,1,7,1,2,The Course was very bad and poor.,Negative
811,8,8,8,6,1,4,9,1,The Course was very bad and poor.,Negative
213,10,8,4,10,1,5,6,2,The Course was very bad and poor.,Negative
375,10,4,4,1,3,4,7,9,The course was excellent and  relevant to my career.,Positive
897,6,7,4,1,9,8,8,7,The course was okay but could be improved.,Positive
460,7,8,5,6,7,7,6,7,The course was okay but could be improved.,Positive
416,6,2,5,8,9,6,3,7,The course was okay but could be improved.,Positive
571,8,9,7,3,1,8,9,7,The course was okay but could be improved.,Positive
744,8,5,7,3,10,4,6,7,The course was okay but could be improved.,Positive
378,9,8,7,2,4,7,2,6,The course was okay but could be improved.,Positive
121,5,9,5,2,4,5,6,6,The course was okay but could be improved.,Positive
462,10,4,8,5,4,6,4,7,The course was okay but could be improved.,Positive
777,8,6,4,6,4,7,10,1,The Course was very bad and poor.,Negative
845,5,10,6,8,4,4,4,5,The course was okay but could be improved.,Positive
533,6,10,5,7,2,5,10,10,The course was excellent and  relevant to my career.,Positive
450,5,2,6,2,4,5,1,4,The Course was very bad and poor.,Negative
717,6,2,4,6,6,2,6,9,The course was excellent and  relevant to my career.,Positive
469,10,8,6,1,3,5,8,10,The course was excellent and  relevant to my career.,Positive
670,7,7,8,1,6,1,2,1,The Course was very bad and poor.,Negative
137,8,2,5,2,4,9,7,8,The course was excellent and  relevant to my career.,Positive
801,10,7,4,3,6,1,10,4,The Course was very bad and poor.,Negative
315,5,10,5,10,8,4,8,4,The Course was very bad and poor.,Negative
153,7,7,5,3,8,9,8,9,The course was excellent and  relevant to my career.,Positive
190,8,6,7,5,6,4,3,8,The course was excellent and  relevant to my career.,Positive
22,7,9,4,1,2,8,10,4,The Course was very bad and poor.,Negative
949,9,8,7,1,7,6,9,4,The Course was very bad and poor.,Negative
523,10,2,6,9,7,5,10,9,The course was excellent and  relevant to my career.,Positive
527,5,6,5,2,8,6,9,8,The course was excellent and  relevant to my career.,Positive
461,7,10,7,6,6,8,4,9,The course was excellent and  relevant to my career.,Positive
244,5,8,4,9,3,10,1,3,The Course was very bad and poor.,Negative
363,9,3,8,10,2,7,5,1,The Course was very bad and poor.,Negative
610,8,10,6,8,2,1,5,1,The Course was very bad and poor.,Negative
381,9,2,8,8,1,9,1,2,The Course was very bad and poor.,Negative
954,8,8,6,3,9,5,7,2,The Course was very bad and poor.,Negative
604,10,9,8,9,4,8,7,9,The course was excellent and  relevant to my career.,Positive
414,10,6,4,8,2,9,9,3,The Course was very bad and poor.,Negative
151,8,7,5,10,8,3,8,6,The course was okay but could be improved.,Positive
721,6,9,4,1,4,10,10,9,The course was excellent and  relevant to my career.,Positive
664,10,8,7,4,8,2,1,10,The course was excellent and  relevant to my career.,Positive
956,7,2,6,5,2,3,8,7,The course was okay but could be improved.,Positive
747,5,3,5,6,5,10,3,6,The course was okay but could be improved.,Positive
438,9,6,5,9,2,3,9,3,The Course was very bad and poor.,Negative
975,5,10,4,8,7,6,8,3,The Course was very bad and poor.,Negative
277,5,6,8,7,2,7,1,10,The course was excellent and  relevant to my career.,Positive
312,7,2,7,6,6,3,7,2,The Course was very bad and poor.,Negative
565,10,9,7,10,4,8,5,4,The Course was very bad and poor.,Negative
739,8,7,5,10,1,1,8,1,The Course was very bad and poor.,Negative
584,8,8,5,8,6,6,9,4,The Course was very bad and poor.,Negative
894,6,3,5,4,7,1,5,5,The course was okay but could be improved.,Positive
270,9,10,5,9,6,4,7,7,The course was okay but could be improved.,Positive
966,7,4,5,3,1,8,10,2,The Course was very bad and poor.,Negative
489,7,2,5,8,1,1,8,8,The course was excellent and  relevant to my career.,Positive
665,6,3,4,2,8,5,8,5,The course was okay but could be improved.,Positive
71,9,10,8,4,9,3,8,2,The Course was very bad and poor.,Negative
603,7,2,7,1,7,7,1,7,The course was okay but could be improved.,Positive
196,8,10,8,10,6,7,7,7,The course was okay but could be improved.,Positive
804,9,3,7,6,10,7,9,7,The course was okay but could be improved.,Positive
837,5,10,4,1,4,8,9,1,The Course was very bad and poor.,Negative
530,6,5,4,9,1,2,3,6,The course was okay but could be improved.,Positive
720,6,6,6,9,10,4,6,7,The course was okay but could be improved.,Positive
272,5,4,6,4,4,7,7,9,The course was excellent and  relevant to my career.,Positive
984,5,10,6,4,2,10,4,6,The course was okay but could be improved.,Positive
185,10,3,8,4,1,10,7,9,The course was excellent and  relevant to my career.,Positive
487,6,6,4,2,10,10,1,9,The course was excellent and  relevant to my career.,Positive
75,8,9,8,6,2,7,9,10,The course was excellent and  relevant to my career.,Positive
718,6,3,6,7,6,6,2,6,The course was okay but could be improved.,Positive
496,10,7,4,6,10,5,3,6,The course was okay but could be improved.,Positive
630,5,5,4,8,3,6,6,8,The course was excellent and  relevant to my career.,Positive
637,8,10,5,6,10,8,2,2,The Course was very bad and poor.,Negative
360,9,9,8,2,3,1,8,6,The course was okay but could be improved.,Positive
183,6,7,5,5,4,7,1,9,The course was excellent and  relevant to my career.,Positive
689,10,8,7,8,1,9,5,10,The course was excellent and  relevant to my career.,Positive
236,6,9,6,4,1,2,8,4,The Course was very bad and poor.,Negative
768,6,6,6,3,5,9,8,3,The Course was very bad and poor.,Negative
316,7,2,7,8,6,4,2,9,The course was excellent and  relevant to my career.,Positive
396,6,10,4,6,1,2,4,10,The course was excellent and  relevant to my career.,Positive
212,6,4,4,6,5,10,10,2,The Course was very bad and poor.,Negative
830,9,7,7,10,7,8,6,4,The Course was very bad and poor.,Negative
209,9,8,5,3,3,10,7,2,The Course was very bad and poor.,Negative
62,7,4,4,5,3,10,2,1,The Course was very bad and poor.,Negative
447,8,7,7,1,4,7,10,9,The course was excellent and  relevant to my career.,Positive
100,6,6,6,10,7,5,7,8,The course was excellent and  relevant to my career.,Positive
305,10,8,8,4,6,3,10,4,The Course was very bad and poor.,Negative
494,10,6,6,6,4,10,2,9,The course was excellent and  relevant to my career.,Positive
328,10,6,5,4,6,10,8,2,The Course was very bad and poor.,Negative
854,8,2,8,4,6,2,4,7,The course was okay but could be improved.,Positive
866,5,10,4,8,3,7,4,5,The course was okay but could be improved.,Positive
943,8,9,7,10,6,7,7,6,The course was okay but could be improved.,Positive
734,9,8,5,3,10,1,8,3,The Course was very bad and poor.,Negative
189,9,3,6,2,3,8,10,7,The course was okay but could be improved.,Positive
404,10,5,7,8,1,5,10,4,The Course was very bad and poor.,Negative
518,7,4,8,5,7,9,2,6,The course was okay but could be improved.,Positive
856,6,9,4,6,8,8,3,8,The course was excellent and  relevant to my career.,Positive
70,9,2,5,8,10,9,7,6,The course was okay but could be improved.,Positive
457,7,4,8,2,3,6,8,4,The Course was very bad and poor.,Negative
148,5,4,4,4,8,10,5,5,The course was okay but could be improved.,Positive
958,10,10,5,8,5,10,7,8,The course was excellent and  relevant to my career.,Positive
356,7,3,7,6,4,2,1,10,The course was excellent and  relevant to my career.,Positive
793,10,9,6,4,7,6,8,3,The Course was very bad and poor.,Negative
771,8,7,6,4,8,7,3,2,The Course was very bad and poor.,Negative
452,5,6,7,9,7,8,6,1,The Course was very bad and poor.,Negative
72,8,7,7,3,4,1,4,7,The course was okay but could be improved.,Positive
710,7,2,6,5,7,7,6,10,The course was excellent and  relevant to my career.,Positive
980,6,3,7,1,5,4,9,4,The Course was very bad and poor.,Negative
145,6,8,4,6,1,3,2,7,The course was okay but could be improved.,Positive
960,6,9,6,1,3,3,5,8,The course was excellent and  relevant to my career.,Positive
660,5,7,7,3,10,3,3,4,The Course was very bad and poor.,Negative
987,9,10,7,8,7,3,8,7,The course was okay but could be improved.,Positive
534,9,5,7,5,2,6,10,8,The course was excellent and  relevant to my career.,Positive
858,9,5,5,3,2,2,7,7,The course was okay but could be improved.,Positive
324,10,5,5,2,2,5,7,6,The course was okay but could be improved.,Positive
884,7,4,7,10,5,1,7,4,The Course was very bad and poor.,Negative
611,8,9,5,3,9,5,8,3,The Course was very bad and poor.,Negative
136,8,6,7,10,9,9,2,3,The Course was very bad and poor.,Negative
705,9,3,6,3,3,5,1,2,The Course was very bad and poor.,Negative
991,7,4,5,8,9,8,5,1,The Course was very bad and poor.,Negative
676,9,8,5,7,4,10,2,6,The course was okay but could be improved.,Positive
769,9,8,8,8,1,1,8,5,The course was okay but could be improved.,Positive
246,7,10,8,8,4,10,3,8,The course was excellent and  relevant to my career.,Positive
644,9,6,8,2,7,6,4,6,The course was okay but could be improved.,Positive
263,7,9,4,7,9,8,10,7,The course was okay but could be improved.,Positive
476,9,4,6,4,8,6,4,10,The course was excellent and  relevant to my career.,Positive
697,7,7,6,1,8,10,5,2,The Course was very bad and poor.,Negative
95,7,2,5,5,9,6,8,3,The Course was very bad and poor.,Negative
688,8,6,7,5,6,1,4,10,The course was excellent and  relevant to my career.,Positive
633,8,2,4,7,4,6,7,4,The Course was very bad and poor.,Negative
241,8,3,8,8,10,1,8,6,The course was okay but could be improved.,Positive
524,9,8,4,6,10,1,9,10,The course was excellent and  relevant to my career.,Positive
504,9,4,5,6,6,1,7,10,The course was excellent and  relevant to my career.,Positive
417,9,6,7,9,5,1,7,2,The Course was very bad and poor.,Negative
554,6,6,8,2,4,6,4,10,The course was excellent and  relevant to my career.,Positive
656,6,2,7,2,5,6,9,9,The course was excellent and  relevant to my career.,Positive
19,10,4,6,3,9,10,9,3,The Course was very bad and poor.,Negative
275,8,5,4,9,5,5,8,10,The course was excellent and  relevant to my career.,Positive
478,5,10,7,6,8,7,3,9,The course was excellent and  relevant to my career.,Positive
132,6,9,5,8,10,3,2,10,The course was excellent and  relevant to my career.,Positive
515,8,3,5,10,3,4,9,4,The Course was very bad and poor.,Negative
44,8,9,5,3,6,9,4,9,The course was excellent and  relevant to my career.,Positive
388,6,10,4,5,6,4,4,9,The course was excellent and  relevant to my career.,Positive
204,8,7,6,3,3,10,3,6,The course was okay but could be improved.,Positive
338,5,2,4,6,9,10,9,4,The Course was very bad and poor.,Negative
619,8,7,6,4,3,9,3,8,The course was excellent and  relevant to my career.,Positive
205,8,4,4,2,1,7,9,7,The course was okay but could be improved.,Positive
39,7,3,7,10,6,4,8,2,The Course was very bad and poor.,Negative
53,5,8,5,1,10,8,5,7,The course was okay but could be improved.,Positive
58,9,3,7,1,2,3,10,7,The course was okay but could be improved.,Positive
157,9,6,8,2,8,4,4,3,The Course was very bad and poor.,Negative
28,8,6,6,9,9,9,4,7,The course was okay but could be improved.,Positive
833,8,6,7,7,7,9,10,9,The course was excellent and  relevant to my career.,Positive
252,8,9,4,6,10,2,7,5,The course was okay but could be improved.,Positive
658,8,5,6,7,10,4,6,4,The Course was very bad and poor.,Negative
179,6,3,7,6,2,6,5,2,The Course was very bad and poor.,Negative
851,9,6,4,10,2,1,3,10,The course was excellent and  relevant to my career.,Positive
809,7,8,7,5,10,2,8,8,The course was excellent and  relevant to my career.,Positive
330,7,7,5,7,9,10,2,2,The Course was very bad and poor.,Negative
94,10,10,4,7,8,2,4,4,The Course was very bad and poor.,Negative
826,10,5,7,2,8,7,10,5,The course was okay but could be improved.,Positive
227,9,3,6,4,7,4,4,7,The course was okay but could be improved.,Positive
1000,9,8,5,4,10,7,7,10,The course was excellent and  relevant to my career.,Positive
114,10,9,7,1,8,4,4,2,The Course was very bad and poor.,Negative
251,5,9,6,9,6,4,5,2,The Course was very bad and poor.,Negative
613,5,6,6,3,9,4,2,9,The course was excellent and  relevant to my career.,Positive
101,10,5,6,6,9,8,10,3,The Course was very bad and poor.,Negative
871,7,8,7,10,10,7,2,2,The Course was very bad and poor.,Negative
551,6,3,5,7,3,1,9,10,The course was excellent and  relevant to my career.,Positive
931,6,5,7,3,6,5,6,10,The course was excellent and  relevant to my career.,Positive
49,8,7,8,8,1,1,8,3,The Course was very bad and poor.,Negative
512,5,10,7,9,9,9,6,9,The course was excellent and  relevant to my career.,Positive
261,9,9,7,7,4,10,5,9,The course was excellent and  relevant to my career.,Positive
754,6,9,4,4,3,10,2,10,The course was excellent and  relevant to my career.,Positive
345,8,2,8,9,10,10,9,5,The course was okay but could be improved.,Positive
970,10,9,5,7,6,7,4,7,The course was okay but could be improved.,Positive
990,6,9,6,4,9,5,10,8,The course was excellent and  relevant to my career.,Positive
911,6,4,4,10,9,4,7,2,The Course was very bad and poor.,Negative
909,9,8,5,9,5,6,9,7,The course was okay but could be improved.,Positive
817,6,5,7,10,10,4,6,6,The course was okay but could be improved.,Positive
733,10,10,5,1,4,1,3,4,The Course was very bad and poor.,Negative
626,7,9,5,4,9,4,3,1,The Course was very bad and poor.,Negative
292,7,9,8,1,5,4,7,4,The Course was very bad and poor.,Negative
82,5,10,8,4,4,10,5,5,The course was okay but could be improved.,Positive
355,10,8,5,6,5,10,1,8,The course was excellent and  relevant to my career.,Positive
948,9,5,4,7,9,3,5,7,The course was okay but could be improved.,Positive
341,9,4,4,4,7,5,5,8,The course was excellent and  relevant to my career.,Positive
952,7,9,5,7,8,8,10,5,The course was okay but could be improved.,Positive
711,7,3,4,6,3,7,6,4,The Course was very bad and poor.,Negative
635,7,3,8,6,7,4,10,5,The course was okay but could be improved.,Positive
850,5,8,7,4,8,7,8,6,The course was okay but could be improved.,Positive
716,6,3,7,9,2,3,3,6,The course was okay but could be improved.,Positive
627,10,2,4,1,6,5,9,5,The course was okay but could be improved.,Positive
661,6,10,4,3,8,2,7,6,The course was okay but could be improved.,Positive
877,8,9,4,5,10,10,10,2,The Course was very bad and poor.,Negative
177,8,2,6,2,8,1,9,9,The course was excellent and  relevant to my career.,Positive
322,8,10,7,3,3,3,1,5,The course was okay but could be improved.,Positive
914,9,2,4,2,4,2,2,9,The course was excellent and  relevant to my career.,Positive
486,10,9,5,1,4,10,6,9,The course was excellent and  relevant to my career.,Positive
723,6,10,5,3,10,3,6,4,The Course was very bad and poor.,Negative
105,9,10,5,1,3,1,1,2,The Course was very bad and poor.,Negative
52,6,10,4,1,7,3,10,2,The Course was very bad and poor.,Negative
436,9,9,4,10,1,10,10,2,The Course was very bad and poor.,Negative
829,6,9,5,3,2,2,10,9,The course was excellent and  relevant to my career.,Positive
753,5,10,8,7,5,10,9,7,The course was okay but could be improved.,Positive
130,7,9,5,9,3,2,5,4,The Course was very bad and poor.,Negative
91,6,5,4,2,5,8,3,3,The Course was very bad and poor.,Negative
590,10,3,4,4,9,9,6,2,The Course was very bad and poor.,Negative
965,10,3,4,5,10,3,7,3,The Course was very bad and poor.,Negative
99,8,9,6,2,2,3,10,6,The course was okay but could be improved.,Positive
912,7,10,7,10,2,7,5,7,The course was okay but could be improved.,Positive
395,9,6,8,2,7,9,8,10,The course was excellent and  relevant to my career.,Positive
923,6,3,5,6,9,4,10,3,The Course was very bad and poor.,Negative
499,7,9,8,3,5,1,5,2,The Course was very bad and poor.,Negative
115,5,5,7,1,3,8,1,10,The course was excellent and  relevant to my career.,Positive
815,5,9,6,6,2,9,5,3,The Course was very bad and poor.,Negative
570,10,10,6,8,9,2,8,10,The course was excellent and  relevant to my career.,Positive
825,9,7,8,1,3,2,9,3,The Course was very bad and poor.,Negative
620,9,5,8,2,8,10,8,8,The course was excellent and  relevant to my career.,Positive
175,10,9,8,2,1,6,7,2,The Course was very bad and poor.,Negative
358,5,7,4,3,3,10,3,4,The Course was very bad and poor.,Negative
191,7,4,5,2,5,10,4,7,The course was okay but could be improved.,Positive
492,6,5,8,10,3,8,3,2,The Course was very bad and poor.,Negative
529,9,6,6,1,4,10,1,7,The course was okay but could be improved.,Positive
389,5,5,8,6,2,3,5,7,The course was okay but could be improved.,Positive
878,6,5,8,4,10,3,9,10,The course was excellent and  relevant to my career.,Positive
368,7,9,8,3,2,7,4,1,The Course was very bad and poor.,Negative
122,7,5,5,3,9,6,9,2,The Course was very bad and poor.,Negative
332,9,2,7,2,8,7,4,10,The course was excellent and  relevant to my career.,Positive
303,7,4,5,4,7,2,1,6,The course was okay but could be improved.,Positive
336,8,10,4,5,6,7,2,3,The Course was very bad and poor.,Negative
588,6,6,4,10,10,10,3,9,The course was excellent and  relevant to my career.,Positive
609,10,9,4,4,1,5,9,10,The course was excellent and  relevant to my career.,Positive
920,10,6,7,10,10,2,4,2,The Course was very bad and poor.,Negative
370,9,4,7,10,1,10,2,7,The course was okay but could be improved.,Positive
405,10,2,5,5,5,1,4,6,The course was okay but could be improved.,Positive
779,10,8,6,3,8,8,7,8,The course was excellent and  relevant to my career.,Positive
962,10,6,4,5,1,7,1,10,The course was excellent and  relevant to my career.,Positive
268,10,6,5,9,9,1,8,6,The course was okay but could be improved.,Positive
625,10,7,6,7,9,6,3,3,The Course was very bad and poor.,Negative
217,8,9,8,3,8,5,5,5,The course was okay but could be improved.,Positive
479,10,10,4,6,5,9,2,3,The Course was very bad and poor.,Negative
500,9,5,8,4,2,2,5,1,The Course was very bad and poor.,Negative
409,8,9,7,3,10,4,6,1,The Course was very bad and poor.,Negative
546,7,7,5,1,9,8,1,1,The Course was very bad and poor.,Negative
967,5,5,8,8,1,9,8,5,The course was okay but could be improved.,Positive
343,8,4,7,1,10,8,2,6,The course was okay but could be improved.,Positive
639,7,4,7,7,6,10,5,7,The course was okay but could be improved.,Positive
402,6,8,6,9,4,8,5,7,The course was okay but could be improved.,Positive
617,5,7,5,4,7,1,10,6,The course was okay but could be improved.,Positive
349,6,8,8,2,9,9,2,8,The course was excellent and  relevant to my career.,Positive
994,8,5,5,2,5,5,9,5,The course was okay but could be improved.,Positive
279,5,10,7,1,4,4,9,4,The Course was very bad and poor.,Negative
926,10,7,5,1,1,6,6,1,The Course was very bad and poor.,Negative
816,10,8,5,9,2,7,9,3,The Course was very bad and poor.,Negative
765,8,7,8,5,7,7,7,7,The course was okay but could be improved.,Positive
160,10,6,5,4,2,10,4,7,The course was okay but could be improved.,Positive
606,8,3,8,1,6,4,8,9,The course was excellent and  relevant to my career.,Positive
602,5,3,6,2,8,10,3,1,The Course was very bad and poor.,Negative
893,10,6,8,1,1,10,1,3,The Course was very bad and poor.,Negative
810,9,6,7,3,5,9,10,5,The course was okay but could be improved.,Positive
802,8,2,6,6,3,8,7,7,The course was okay but could be improved.,Positive
162,6,2,5,2,10,2,8,8,The course was excellent and  relevant to my career.,Positive
449,5,7,8,9,3,2,7,10,The course was excellent and  relevant to my career.,Positive
463,7,8,7,8,1,4,4,1,The Course was very bad and poor.,Negative
41,5,3,5,9,3,1,8,8,The course was excellent and  relevant to my career.,Positive
838,6,3,6,8,7,1,8,8,The course was excellent and  relevant to my career.,Positive
703,10,7,8,3,4,7,9,8,The course was excellent and  relevant to my career.,Positive
490,9,2,6,10,9,8,2,4,The Course was very bad and poor.,Negative
906,7,7,8,4,5,2,4,5,The course was okay but could be improved.,Positive
174,7,3,6,7,10,10,2,3,The Course was very bad and poor.,Negative
4,5,8,5,7,10,7,3,1,The Course was very bad and poor.,Negative
161,6,7,8,3,5,10,6,4,The Course was very bad and poor.,Negative
31,5,4,5,9,9,2,4,1,The Course was very bad and poor.,Negative
623,6,4,6,6,10,10,3,9,The course was excellent and  relevant to my career.,Positive
818,10,5,4,9,2,6,2,6,The course was okay but could be improved.,Positive
60,5,6,5,3,1,7,5,3,The Course was very bad and poor.,Negative
384,6,2,7,9,4,4,2,8,The course was excellent and  relevant to my career.,Positive
971,7,6,7,4,6,6,7,9,The course was excellent and  relevant to my career.,Positive
427,7,3,7,2,9,8,8,7,The course was okay but could be improved.,Positive
431,10,9,4,3,3,9,4,1,The Course was very bad and poor.,Negative
408,6,5,4,7,1,8,6,7,The course was okay but could be improved.,Positive
577,10,7,4,10,7,2,5,1,The Course was very bad and poor.,Negative
803,6,10,8,5,6,5,6,7,The course was okay but could be improved.,Positive
273,9,3,7,1,5,3,8,4,The Course was very bad and poor.,Negative
371,6,3,4,9,4,10,4,10,The course was excellent and  relevant to my career.,Positive
999,6,7,8,8,9,9,9,5,The course was okay but could be improved.,Positive
595,10,5,5,4,10,4,4,4,The Course was very bad and poor.,Negative
63,8,8,7,4,4,4,8,2,The Course was very bad and poor.,Negative
899,5,4,7,7,2,6,1,1,The Course was very bad and poor.,Negative
0,7,4,8,2,1,4,8,3,The Course was very bad and poor.,Negative
796,7,9,6,2,7,7,6,8,The course was excellent and  relevant to my career.,Positive
181,10,10,4,2,1,5,3,1,The Course was very bad and poor.,Negative
290,6,7,6,4,2,8,9,7,The course was okay but could be improved.,Positive
373,6,4,8,10,5,3,10,10,The course was excellent and  relevant to my career.,Positive
285,6,10,5,7,3,3,5,1,The Course was very bad and poor.,Negative
882,6,3,4,1,7,5,4,2,The Course was very bad and poor.,Negative
776,8,3,7,6,3,7,6,7,The course was okay but could be improved.,Positive
935,10,9,7,2,8,2,1,2,The Course was very bad and poor.,Negative
679,10,6,4,5,10,9,6,7,The course was okay but could be improved.,Positive
102,7,4,6,3,5,7,5,5,The course was okay but could be improved.,Positive
618,5,8,6,9,3,8,7,9,The course was excellent and  relevant to my career.,Positive
607,8,4,4,10,10,8,3,7,The course was okay but could be improved.,Positive
743,9,7,7,10,1,5,5,10,The course was excellent and  relevant to my career.,Positive
682,8,5,8,9,2,10,3,4,The Course was very bad and poor.,Negative
16,5,3,6,6,5,8,8,2,The Course was very bad and poor.,Negative
969,8,6,8,10,2,1,3,2,The Course was very bad and poor.,Negative
46,8,4,4,9,5,7,4,8,The course was excellent and  relevant to my career.,Positive
706,6,8,7,9,8,6,4,1,The Course was very bad and poor.,Negative
993,9,9,4,1,5,2,9,9,The course was excellent and  relevant to my career.,Positive
508,10,6,5,8,8,5,7,10,The course was excellent and  relevant to my career.,Positive
989,8,4,5,4,8,6,7,3,The Course was very bad and poor.,Negative
133,10,4,7,3,5,4,4,5,The course was okay but could be improved.,Positive
15,8,9,8,3,6,10,2,3,The Course was very bad and poor.,Negative
78,10,9,6,8,10,7,7,8,The course was excellent and  relevant to my career.,Positive
433,6,6,8,4,8,9,4,1,The Course was very bad and poor.,Negative
784,7,7,4,3,7,8,6,10,The course was excellent and  relevant to my career.,Positive
983,5,2,4,1,9,4,3,2,The Course was very bad and poor.,Negative
197,9,3,5,9,8,2,4,10,The course was excellent and  relevant to my career.,Positive
483,8,2,6,2,10,2,2,5,The course was okay but could be improved.,Positive
376,5,5,5,8,8,4,6,10,The course was excellent and  relevant to my career.,Positive
915,10,7,4,6,9,4,9,5,The course was okay but could be improved.,Positive
210,6,5,7,9,5,1,2,4,The Course was very bad and poor.,Negative
20,8,4,5,1,10,10,7,5,The course was okay but could be improved.,Positive
425,5,9,8,1,10,8,10,10,The course was excellent and  relevant to my career.,Positive
668,6,3,6,1,2,10,9,3,The Course was very bad and poor.,Negative
54,7,2,5,1,5,3,1,3,The Course was very bad and poor.,Negative
950,7,2,7,10,5,3,4,7,The course was okay but could be improved.,Positive
782,6,7,4,2,2,1,3,8,The course was excellent and  relevant to my career.,Positive
108,5,5,7,5,10,7,3,9,The course was excellent and  relevant to my career.,Positive
400,9,4,5,5,8,10,6,10,The course was excellent and  relevant to my career.,Positive
685,10,9,7,3,1,6,6,4,The Course was very bad and poor.,Negative
673,9,3,4,4,7,9,8,4,The Course was very bad and poor.,Negative
198,6,7,7,7,3,5,4,3,The Course was very bad and poor.,Negative
14,5,5,8,9,7,5,2,1,The Course was very bad and poor.,Negative
172,6,5,8,3,4,3,10,3,The Course was very bad and poor.,Negative
359,5,6,7,6,9,5,1,5,The course was okay but could be improved.,Positive
714,10,5,5,5,7,5,7,9,The course was excellent and  relevant to my career.,Positive
785,7,6,7,1,7,5,5,9,The course was excellent and  relevant to my career.,Positive
865,8,4,6,2,7,5,2,7,The course was okay but could be improved.,Positive
662,10,6,4,5,1,9,6,3,The Course was very bad and poor.,Negative
513,9,10,7,7,9,2,10,1,The Course was very bad and poor.,Negative
722,7,10,5,5,4,9,6,7,The course was okay but could be improved.,Positive
8,6,7,6,10,6,9,9,10,The course was excellent and  relevant to my career.,Positive
873,10,10,4,5,9,10,2,5,The course was okay but could be improved.,Positive
684,10,3,7,4,4,5,1,10,The course was excellent and  relevant to my career.,Positive
73,7,2,5,6,3,1,1,4,The Course was very bad and poor.,Negative
900,9,8,5,8,4,6,9,7,The course was okay but could be improved.,Positive
933,6,9,4,8,7,10,3,5,The course was okay but could be improved.,Positive
634,6,7,6,6,1,6,3,8,The course was excellent and  relevant to my career.,Positive
835,8,2,7,8,3,4,3,4,The Course was very bad and poor.,Negative
422,9,8,4,4,8,3,4,10,The course was excellent and  relevant to my career.,Positive
235,6,2,8,8,6,3,3,1,The Course was very bad and poor.,Negative
286,10,3,7,10,8,8,4,9,The course was excellent and  relevant to my career.,Positive
129,7,3,4,9,1,4,4,9,The course was excellent and  relevant to my career.,Positive
443,7,9,8,2,4,5,1,5,The course was okay but could be improved.,Positive
301,10,7,7,4,3,4,9,2,The Course was very bad and poor.,Negative
532,10,2,4,2,2,6,10,9,The course was excellent and  relevant to my career.,Positive
64,6,2,8,1,8,4,8,4,The Course was very bad and poor.,Negative
860,10,8,4,3,7,1,4,5,The course was okay but could be improved.,Positive
559,8,4,4,6,5,5,1,7,The course was okay but could be improved.,Positive
311,7,5,6,8,4,9,8,9,The course was excellent and  relevant to my career.,Positive
32,9,3,7,7,6,1,9,2,The Course was very bad and poor.,Negative
296,10,7,4,2,2,10,10,8,The course was excellent and  relevant to my career.,Positive
419,10,2,5,8,5,3,3,10,The course was excellent and  relevant to my career.,Positive
83,10,6,6,1,8,1,3,9,The course was excellent and  relevant to my career.,Positive
594,7,2,7,6,7,2,3,6,The course was okay but could be improved.,Positive
501,5,2,8,4,7,6,10,4,The Course was very bad and poor.,Negative
411,8,4,4,4,8,4,3,1,The Course was very bad and poor.,Negative
824,10,7,7,9,4,9,9,8,The course was excellent and  relevant to my career.,Positive
585,7,6,8,2,4,7,10,9,The course was excellent and  relevant to my career.,Positive
848,9,9,6,1,9,2,8,6,The course was okay but could be improved.,Positive
299,10,8,5,5,4,3,1,9,The course was excellent and  relevant to my career.,Positive
107,9,4,8,6,10,4,5,9,The course was excellent and  relevant to my career.,Positive
119,9,10,5,1,9,6,7,6,The course was okay but could be improved.,Positive
335,5,3,4,2,8,4,7,6,The course was okay but could be improved.,Positive
557,5,5,8,2,4,10,6,1,The Course was very bad and poor.,Negative
113,5,6,7,1,10,6,4,7,The course was okay but could be improved.,Positive
281,5,6,6,3,4,1,1,1,The Course was very bad and poor.,Negative
836,9,3,4,6,6,3,2,7,The course was okay but could be improved.,Positive
426,9,8,7,8,10,6,9,8,The course was excellent and  relevant to my career.,Positive
42,8,2,4,6,6,7,3,1,The Course was very bad and poor.,Negative
567,9,3,8,1,4,9,10,9,The course was excellent and  relevant to my career.,Positive
589,5,8,7,5,6,7,8,9,The course was excellent and  relevant to my career.,Positive
187,5,5,6,2,6,1,8,5,The course was okay but could be improved.,Positive
615,5,6,7,9,1,1,1,5,The course was okay but could be improved.,Positive
556,9,9,5,5,1,3,6,10,The course was excellent and  relevant to my career.,Positive
3,9,6,5,9,10,5,5,4,The Course was very bad and poor.,Negative
667,9,9,6,2,1,3,10,2,The Course was very bad and poor.,Negative
234,7,2,4,5,1,8,7,2,The Course was very bad and poor.,Negative
96,6,6,5,10,8,10,5,2,The Course was very bad and poor.,Negative
691,7,7,8,8,5,4,8,2,The Course was very bad and poor.,Negative
269,9,10,6,10,10,1,9,10,The course was excellent and  relevant to my career.,Positive
566,8,10,6,10,7,6,6,1,The Course was very bad and poor.,Negative
985,5,5,4,8,7,6,7,3,The Course was very bad and poor.,Negative
437,7,2,6,7,5,8,1,8,The course was excellent and  relevant to my career.,Positive
200,8,4,8,6,8,4,7,1,The Course was very bad and poor.,Negative
291,10,3,7,8,2,10,3,3,The Course was very bad and poor.,Negative
612,8,9,8,7,1,2,8,4,The Course was very bad and poor.,Negative
448,6,7,7,9,2,9,2,5,The course was okay but could be improved.,Positive
439,6,8,7,7,7,4,5,4,The Course was very bad and poor.,Negative
573,5,5,5,8,8,9,8,2,The Course was very bad and poor.,Negative
7,5,8,5,6,2,10,4,8,The course was excellent and  relevant to my career.,Positive
725,5,10,8,4,3,5,1,6,The course was okay but could be improved.,Positive
50,9,8,6,7,1,6,7,4,The Course was very bad and poor.,Negative
423,7,9,5,10,10,7,7,3,The Course was very bad and poor.,Negative
140,7,10,6,8,6,10,9,6,The course was okay but could be improved.,Positive
135,8,9,7,3,6,10,2,9,The course was excellent and  relevant to my career.,Positive
786,5,4,7,5,5,6,7,1,The Course was very bad and poor.,Negative
601,8,9,4,5,4,3,1,10,The course was excellent and  relevant to my career.,Positive
493,9,4,4,9,4,3,6,7,The course was okay but could be improved.,Positive
553,7,2,4,7,3,5,1,3,The Course was very bad and poor.,Negative
27,7,3,5,5,5,1,8,6,The course was okay but could be improved.,Positive
257,8,5,6,4,4,1,5,4,The Course was very bad and poor.,Negative
225,10,4,5,9,3,6,9,4,The Course was very bad and poor.,Negative
788,6,5,6,3,10,4,3,8,The course was excellent and  relevant to my career.,Positive
37,8,9,5,3,4,3,5,2,The Course was very bad and poor.,Negative
170,5,10,7,2,8,5,9,5,The course was okay but could be improved.,Positive
528,9,2,5,2,6,5,1,6,The course was okay but could be improved.,Positive
600,7,8,6,10,6,7,7,6,The course was okay but could be improved.,Positive
655,7,8,5,4,1,6,6,8,The course was excellent and  relevant to my career.,Positive
74,8,8,6,1,2,5,2,6,The course was okay but could be improved.,Positive
505,9,6,8,5,8,4,7,6,The course was okay but could be improved.,Positive
377,5,5,7,3,9,6,1,4,The Course was very bad and poor.,Negative
808,8,6,4,5,1,8,8,3,The Course was very bad and poor.,Negative
366,9,9,8,2,1,10,5,2,The Course was very bad and poor.,Negative
238,8,7,5,10,10,9,7,10,The course was excellent and  relevant to my career.,Positive
255,9,10,7,10,3,2,7,8,The course was excellent and  relevant to my career.,Positive
123,10,2,4,5,9,8,3,5,The course was okay but could be improved.,Positive
663,6,2,8,2,5,7,5,7,The course was okay but could be improved.,Positive
876,6,7,4,4,9,2,5,9,The course was excellent and  relevant to my career.,Positive
690,5,10,8,4,2,7,9,6,The course was okay but could be improved.,Positive
309,5,8,4,9,2,1,4,5,The course was okay but could be improved.,Positive
693,7,9,8,1,5,10,3,7,The course was okay but could be improved.,Positive
226,7,6,8,8,8,5,8,8,The course was excellent and  relevant to my career.,Positive
951,10,10,7,10,5,9,7,1,The Course was very bad and poor.,Negative
260,9,3,7,4,7,2,8,3,The Course was very bad and poor.,Negative
243,9,8,8,8,4,10,8,9,The course was excellent and  relevant to my career.,Positive
222,5,4,4,2,7,9,5,3,The Course was very bad and poor.,Negative
314,5,10,6,8,6,6,10,4,The Course was very bad and poor.,Negative
229,7,6,8,2,2,10,8,8,The course was excellent and  relevant to my career.,Positive
85,5,6,8,9,3,4,4,4,The Course was very bad and poor.,Negative
76,8,9,8,6,3,10,7,2,The Course was very bad and poor.,Negative
887,6,9,5,8,9,7,6,2,The Course was very bad and poor.,Negative
582,8,4,7,8,1,5,9,3,The Course was very bad and poor.,Negative
674,8,5,6,8,7,10,2,7,The course was okay but could be improved.,Positive
986,7,2,6,2,4,7,10,7,The course was okay but could be improved.,Positive
511,8,4,4,5,2,10,10,6,The course was okay but could be improved.,Positive
879,6,10,5,10,9,5,5,4,The Course was very bad and poor.,Negative
401,8,10,7,2,8,10,8,9,The course was excellent and  relevant to my career.,Positive
514,6,6,7,10,7,7,6,3,The Course was very bad and poor.,Negative
750,10,3,8,1,5,1,3,5,The course was okay but could be improved.,Positive
156,7,4,7,9,10,8,5,8,The course was excellent and  relevant to my career.,Positive
775,5,6,7,2,5,4,1,4,The Course was very bad and poor.,Negative
329,9,8,8,5,3,3,10,8,The course was excellent and  relevant to my career.,Positive
467,8,10,5,7,7,1,3,6,The course was okay but could be improved.,Positive
178,7,7,4,7,1,2,1,2,The Course was very bad and poor.,Negative
549,5,3,7,6,8,8,5,5,The course was okay but could be improved.,Positive
453,8,4,4,4,2,8,1,4,The Course was very bad and poor.,Negative
307,6,9,5,1,6,5,3,5,The course was okay but could be improved.,Positive
472,6,8,7,7,9,9,2,3,The Course was very bad and poor.,Negative
392,7,7,4,9,7,10,8,4,The Course was very bad and poor.,Negative
65,6,4,4,6,3,10,8,3,The Course was very bad and poor.,Negative
575,9,4,7,7,1,1,5,1,The Course was very bad and poor.,Negative
855,8,3,6,4,1,1,9,7,The course was okay but could be improved.,Positive
791,5,9,4,4,1,4,10,9,The course was excellent and  relevant to my career.,Positive
391,5,3,7,6,7,6,9,4,The Course was very bad and poor.,Negative
973,6,3,4,6,4,6,6,9,The course was excellent and  relevant to my career.,Positive
828,8,3,5,2,9,5,6,3,The Course was very bad and poor.,Negative
247,6,9,6,5,2,2,3,7,The course was okay but could be improved.,Positive
412,9,2,5,8,7,2,10,4,The Course was very bad and poor.,Negative
67,7,9,4,3,9,1,1,2,The Course was very bad and poor.,Negative
289,5,2,5,8,9,2,7,2,The Course was very bad and poor.,Negative
399,10,6,4,8,6,5,10,4,The Course was very bad and poor.,Negative
138,8,5,8,8,10,4,2,6,The course was okay but could be improved.,Positive
537,10,6,4,9,9,5,7,5,The course was okay but could be improved.,Positive
265,5,9,7,6,5,6,5,3,The Course was very bad and poor.,Negative
724,5,2,6,1,7,3,3,1,The Course was very bad and poor.,Negative
653,5,6,5,6,6,3,9,2,The Course was very bad and poor.,Negative
318,6,8,5,10,6,7,10,8,The course was excellent and  relevant to my career.,Positive
232,6,8,5,5,1,1,7,8,The course was excellent and  relevant to my career.,Positive
21,9,7,5,3,6,6,1,6,The course was okay but could be improved.,Positive
998,9,7,5,1,2,2,1,10,The course was excellent and  relevant to my career.,Positive
694,9,8,8,10,7,7,7,2,The Course was very bad and poor.,Negative
927,6,2,6,2,10,3,6,4,The Course was very bad and poor.,Negative
348,7,9,5,6,5,5,8,6,The course was okay but could be improved.,Positive
968,6,7,6,3,8,1,9,3,The Course was very bad and poor.,Negative
992,10,6,4,3,8,6,10,3,The Course was very bad and poor.,Negative
764,9,3,7,6,3,8,10,2,The Course was very bad and poor.,Negative
587,5,4,8,2,2,2,4,10,The course was excellent and  relevant to my career.,Positive
944,10,8,6,8,8,7,9,6,The course was okay but could be improved.,Positive
239,5,10,4,3,2,7,4,4,The Course was very bad and poor.,Negative
886,7,7,5,5,10,1,9,9,The course was excellent and  relevant to my career.,Positive
23,9,7,4,2,1,2,9,3,The Course was very bad and poor.,Negative
458,6,2,4,6,6,10,4,1,The Course was very bad and poor.,Negative
822,6,2,7,1,5,4,1,10,The course was excellent and  relevant to my career.,Positive
413,7,10,4,2,3,1,10,1,The Course was very bad and poor.,Negative
563,7,4,8,8,7,3,3,10,The course was excellent and  relevant to my career.,Positive
331,8,8,7,5,10,4,7,5,The course was okay but could be improved.,Positive
434,7,7,7,6,1,8,9,6,The course was okay but could be improved.,Positive
456,10,4,8,6,5,1,10,1,The Course was very bad and poor.,Negative
430,9,6,4,9,8,6,4,3,The Course was very bad and poor.,Negative
896,6,8,7,5,4,4,5,5,The course was okay but could be improved.,Positive
451,9,3,6,10,7,8,9,10,The course was excellent and  relevant to my career.,Positive
477,5,2,5,6,10,6,10,8,The course was excellent and  relevant to my career.,Positive
9,7,5,4,5,1,3,5,6,The course was okay but could be improved.,Positive
325,7,5,7,6,1,5,8,6,The course was okay but could be improved.,Positive
812,9,5,4,4,2,4,2,6,The course was okay but could be improved.,Positive
727,7,2,6,4,2,10,9,5,The course was okay but could be improved.,Positive
928,6,7,6,9,4,8,5,8,The course was excellent and  relevant to my career.,Positive
134,9,9,7,4,7,10,8,3,The Course was very bad and poor.,Negative
819,6,7,8,8,9,10,2,2,The Course was very bad and poor.,Negative
230,7,2,8,2,6,1,9,2,The Course was very bad and poor.,Negative
520,9,3,5,6,7,10,10,3,The Course was very bad and poor.,Negative
326,7,10,8,8,6,4,9,7,The course was okay but could be improved.,Positive
142,6,8,4,10,8,5,8,6,The course was okay but could be improved.,Positive
491,5,4,8,6,1,3,4,4,The Course was very bad and poor.,Negative
379,7,5,6,2,9,7,3,10,The course was excellent and  relevant to my career.,Positive
465,5,2,8,8,6,8,2,4,The Course was very bad and poor.,Negative
756,6,7,7,3,2,6,9,7,The course was okay but could be improved.,Positive
347,6,8,7,3,5,1,2,8,The course was excellent and  relevant to my career.,Positive
237,10,4,5,8,7,8,2,8,The course was excellent and  relevant to my career.,Positive
642,5,7,6,8,9,6,6,7,The course was okay but could be improved.,Positive
506,9,7,4,1,5,7,5,1,The Course was very bad and poor.,Negative
646,7,8,5,4,7,8,8,8,The course was excellent and  relevant to my career.,Positive
382,10,10,7,5,2,3,6,3,The Course was very bad and poor.,Negative
256,6,7,4,5,9,8,6,5,The course was okay but could be improved.,Positive
327,8,8,5,10,2,1,10,5,The course was okay but could be improved.,Positive
624,7,3,7,10,2,1,8,8,The course was excellent and  relevant to my career.,Positive
155,8,8,8,10,3,9,7,3,The Course was very bad and poor.,Negative
578,8,10,7,4,5,8,7,6,The course was okay but could be improved.,Positive
640,10,9,4,10,2,4,3,1,The Course was very bad and poor.,Negative
997,9,8,8,6,8,3,3,10,The course was excellent and  relevant to my career.,Positive
242,7,9,5,4,5,9,1,4,The Course was very bad and poor.,Negative
344,7,6,8,9,8,3,8,5,The course was okay but could be improved.,Positive
699,9,5,4,8,4,2,2,8,The course was excellent and  relevant to my career.,Positive
77,9,4,5,9,2,1,5,10,The course was excellent and  relevant to my career.,Positive
821,8,9,5,5,8,9,4,9,The course was excellent and  relevant to my career.,Positive
903,9,8,8,8,4,8,4,1,The Course was very bad and poor.,Negative
540,9,10,7,3,2,4,4,5,The course was okay but could be improved.,Positive
596,5,8,7,7,1,2,10,3,The Course was very bad and poor.,Negative
169,8,2,6,3,3,6,9,3,The Course was very bad and poor.,Negative
526,9,5,5,5,2,6,4,9,The course was excellent and  relevant to my career.,Positive
361,7,2,6,4,5,7,8,3,The Course was very bad and poor.,Negative
917,8,6,5,3,7,5,4,8,The course was excellent and  relevant to my career.,Positive
342,5,9,8,1,9,8,7,10,The course was excellent and  relevant to my career.,Positive
599,5,2,4,8,4,8,9,5,The course was okay but could be improved.,Positive
875,5,4,7,3,5,6,4,5,The course was okay but could be improved.,Positive
745,5,9,5,10,8,2,9,1,The Course was very bad and poor.,Negative
131,9,4,8,2,7,5,2,10,The course was excellent and  relevant to my career.,Positive
143,6,6,7,8,10,3,3,9,The course was excellent and  relevant to my career.,Positive
666,10,5,6,8,1,2,7,7,The course was okay but could be improved.,Positive
104,8,5,4,2,7,9,4,4,The Course was very bad and poor.,Negative
964,8,5,5,3,10,5,5,3,The Course was very bad and poor.,Negative
208,8,7,5,7,2,3,2,8,The course was excellent and  relevant to my career.,Positive
774,7,10,5,4,6,10,9,6,The course was okay but could be improved.,Positive
346,10,7,4,9,3,2,10,8,The course was excellent and  relevant to my career.,Positive
97,7,8,7,9,6,3,10,7,The course was okay but could be improved.,Positive
306,9,10,4,1,3,3,2,5,The course was okay but could be improved.,Positive
18,9,6,6,1,5,8,4,10,The course was excellent and  relevant to my career.,Positive
284,5,7,6,3,10,3,8,6,The course was okay but could be improved.,Positive
173,5,7,5,10,10,10,3,10,The course was excellent and  relevant to my career.,Positive
558,7,9,5,5,9,7,3,5,The course was okay but could be improved.,Positive
51,7,2,6,2,8,2,10,2,The Course was very bad and poor.,Negative
357,5,8,7,5,4,1,8,8,The course was excellent and  relevant to my career.,Positive
692,8,8,6,9,5,8,7,10,The course was excellent and  relevant to my career.,Positive
26,8,2,6,10,9,9,4,5,The course was okay but could be improved.,Positive
386,9,5,5,4,6,5,7,7,The course was okay but could be improved.,Positive
287,5,9,5,5,10,8,4,10,The course was excellent and  relevant to my career.,Positive
974,8,10,4,2,4,9,8,7,The course was okay but could be improved.,Positive
683,6,9,4,8,5,5,1,10,The course was excellent and  relevant to my career.,Positive
374,6,9,4,6,2,6,7,8,The course was excellent and  relevant to my career.,Positive
278,10,8,7,8,6,7,8,1,The Course was very bad and poor.,Negative
367,10,4,8,3,3,9,5,7,The course was okay but could be improved.,Positive
800,7,4,5,2,1,6,3,9,The course was excellent and  relevant to my career.,Positive
11,9,5,6,8,5,6,7,7,The course was okay but could be improved.,Positive
310,5,8,5,9,4,4,9,10,The course was excellent and  relevant to my career.,Positive
910,5,8,7,10,8,2,4,8,The course was excellent and  relevant to my career.,Positive
440,5,7,8,9,7,1,8,10,The course was excellent and  relevant to my career.,Positive
441,7,8,5,3,1,8,6,8,The course was excellent and  relevant to my career.,Positive
146,8,7,5,6,9,2,9,10,The course was excellent and  relevant to my career.,Positive
614,8,2,6,7,8,6,6,5,The course was okay but could be improved.,Positive
262,10,5,4,9,6,9,9,3,The Course was very bad and poor.,Negative
34,9,7,8,9,8,2,8,9,The course was excellent and  relevant to my career.,Positive
407,9,8,8,6,2,9,6,4,The Course was very bad and poor.,Negative
564,5,10,5,6,8,5,3,1,The Course was very bad and poor.,Negative
538,8,7,4,6,10,5,2,9,The course was excellent and  relevant to my career.,Positive
748,5,8,6,1,10,2,4,9,The course was excellent and  relevant to my career.,Positive
675,8,7,8,9,8,6,2,8,The course was excellent and  relevant to my career.,Positive
224,10,7,7,6,2,1,7,9,The course was excellent and  relevant to my career.,Positive
10,8,3,7,4,3,6,4,1,The Course was very bad and poor.,Negative
708,5,3,5,4,5,9,6,4,The Course was very bad and poor.,Negative
636,7,3,6,9,5,4,6,3,The Course was very bad and poor.,Negative
218,7,8,4,4,1,4,6,4,The Course was very bad and poor.,Negative
193,5,9,4,6,5,7,1,9,The course was excellent and  relevant to my career.,Positive
106,6,6,5,8,3,1,9,7,The course was okay but could be improved.,Positive
834,8,2,7,4,1,8,9,2,The Course was very bad and poor.,Negative
597,5,4,8,4,8,7,3,4,The Course was very bad and poor.,Negative
45,8,5,6,1,5,9,2,9,The course was excellent and  relevant to my career.,Positive
264,5,2,4,4,7,6,4,1,The Course was very bad and poor.,Negative
219,10,4,5,7,9,10,8,3,The Course was very bad and poor.,Negative
249,10,2,5,6,8,1,8,9,The course was excellent and  relevant to my career.,Positive
507,9,2,6,2,7,9,7,9,The course was excellent and  relevant to my career.,Positive
383,10,10,8,10,4,9,3,10,The course was excellent and  relevant to my career.,Positive
631,10,8,5,3,9,9,8,3,The Course was very bad and poor.,Negative
502,6,3,5,1,8,4,7,8,The course was excellent and  relevant to my career.,Positive
792,10,2,6,7,7,5,6,9,The course was excellent and  relevant to my career.,Positive
271,8,10,6,5,7,10,10,2,The Course was very bad and poor.,Negative
194,6,3,5,4,1,10,8,3,The Course was very bad and poor.,Negative
937,8,8,4,10,1,5,9,3,The Course was very bad and poor.,Negative
726,6,4,4,7,7,3,6,4,The Course was very bad and poor.,Negative
339,6,10,5,9,4,3,6,5,The course was okay but could be improved.,Positive
841,8,9,8,3,4,4,7,1,The Course was very bad and poor.,Negative
874,9,7,6,9,6,1,6,3,The Course was very bad and poor.,Negative
214,6,6,4,3,1,3,4,6,The course was okay but could be improved.,Positive
924,9,10,5,5,6,4,1,8,The course was excellent and  relevant to my career.,Positive
203,8,7,8,9,4,10,8,10,The course was excellent and  relevant to my career.,Positive
629,8,3,7,4,4,8,1,10,The course was excellent and  relevant to my career.,Positive
354,6,3,7,10,1,1,10,6,The course was okay but could be improved.,Positive
857,9,8,6,5,7,8,1,9,The course was excellent and  relevant to my career.,Positive
424,5,3,7,3,8,6,5,7,The course was okay but could be improved.,Positive
872,6,10,8,8,2,2,1,4,The Course was very bad and poor.,Negative
116,8,5,6,3,5,3,1,9,The course was excellent and  relevant to my career.,Positive
308,9,10,7,10,3,2,10,9,The course was excellent and  relevant to my career.,Positive
698,5,9,6,3,6,9,9,9,The course was excellent and  relevant to my career.,Positive
622,9,10,7,7,6,2,8,4,The Course was very bad and poor.,Negative
103,9,6,4,6,1,3,10,6,The course was okay but could be improved.,Positive
464,5,4,8,6,4,10,1,6,The course was okay but could be improved.,Positive
870,10,4,6,3,8,2,3,7,The course was okay but could be improved.,Positive
351,8,5,8,10,1,9,7,7,The course was okay but could be improved.,Positive
628,10,10,4,7,1,7,3,9,The course was excellent and  relevant to my career.,Positive
33,8,5,6,1,8,7,7,2,The Course was very bad and poor.,Negative
972,7,9,4,1,1,2,1,10,The course was excellent and  relevant to my career.,Positive
535,5,10,5,9,9,8,1,9,The course was excellent and  relevant to my career.,Positive
959,8,4,5,5,10,7,3,2,The Course was very bad and poor.,Negative
794,10,4,4,8,6,8,6,9,The course was excellent and  relevant to my career.,Positive
313,5,7,7,3,7,10,1,1,The Course was very bad and poor.,Negative
127,5,8,4,9,7,7,7,6,The course was okay but could be improved.,Positive
245,10,6,4,9,9,2,7,7,The course was okay but could be improved.,Positive
773,9,5,8,9,1,10,4,8,The course was excellent and  relevant to my career.,Positive
69,8,6,6,1,9,1,9,7,The course was okay but could be improved.,Positive
141,8,6,6,5,4,9,5,2,The Course was very bad and poor.,Negative
139,8,3,4,10,6,1,1,5,The course was okay but could be improved.,Positive
398,6,9,6,10,7,4,5,9,The course was excellent and  relevant to my career.,Positive
889,7,6,8,6,6,6,7,10,The course was excellent and  relevant to my career.,Positive
995,6,7,8,3,7,7,8,7,The course was okay but could be improved.,Positive
757,9,5,7,9,7,8,9,1,The Course was very bad and poor.,Negative
783,5,2,8,2,8,5,7,3,The Course was very bad and poor.,Negative
420,5,8,8,6,2,4,10,3,The Course was very bad and poor.,Negative
790,7,5,6,2,3,1,6,6,The course was okay but could be improved.,Positive
592,7,2,7,10,8,9,5,1,The Course was very bad and poor.,Negative
978,6,5,8,9,6,6,2,9,The course was excellent and  relevant to my career.,Positive
735,6,4,6,1,7,6,1,5,The course was okay but could be improved.,Positive
731,5,10,6,9,5,10,5,2,The Course was very bad and poor.,Negative
932,6,6,4,5,5,3,6,1,The Course was very bad and poor.,Negative
497,6,4,8,4,6,10,1,6,The course was okay but could be improved.,Positive
813,8,10,5,8,4,7,5,2,The Course was very bad and poor.,Negative
2,10,2,7,3,10,4,4,7,The course was okay but could be improved.,Positive
649,9,2,6,10,4,9,4,2,The Course was very bad and poor.,Negative
455,8,5,4,2,7,4,1,2,The Course was very bad and poor.,Negative
593,5,3,5,3,9,10,9,9,The course was excellent and  relevant to my career.,Positive
206,10,8,5,4,8,9,10,6,The course was okay but could be improved.,Positive
847,7,10,5,7,1,9,10,4,The Course was very bad and poor.,Negative
233,8,7,7,7,9,2,8,2,The Course was very bad and poor.,Negative
87,5,10,8,4,8,10,1,9,The course was excellent and  relevant to my career.,Positive
333,6,3,7,6,9,9,9,1,The Course was very bad and poor.,Negative
738,8,2,5,7,2,7,6,5,The course was okay but could be improved.,Positive
350,5,6,6,1,8,7,10,10,The course was excellent and  relevant to my career.,Positive
805,8,8,7,10,6,2,2,6,The course was okay but could be improved.,Positive
700,9,8,6,1,9,6,9,1,The Course was very bad and poor.,Negative
92,7,6,7,3,2,1,7,6,The course was okay but could be improved.,Positive
68,5,5,8,8,7,6,10,4,The Course was very bad and poor.,Negative
746,10,5,6,7,1,1,6,1,The Course was very bad and poor.,Negative
741,7,9,7,3,10,8,10,5,The course was okay but could be improved.,Positive
581,9,10,8,2,5,6,7,10,The course was excellent and  relevant to my career.,Positive
677,9,6,6,9,1,10,7,1,The Course was very bad and poor.,Negative
442,7,8,5,10,8,3,6,4,The Course was very bad and poor.,Negative
749,9,9,5,2,9,1,10,1,The Course was very bad and poor.,Negative
25,5,6,4,10,4,1,8,3,The Course was very bad and poor.,Negative
936,6,7,6,4,1,8,4,10,The course was excellent and  relevant to my career.,Positive
90,9,10,6,7,8,1,2,7,The course was okay but could be improved.,Positive
715,6,9,6,5,9,1,6,6,The course was okay but could be improved.,Positive
240,9,9,7,10,5,7,1,6,The course was okay but could be improved.,Positive
13,6,6,6,3,10,7,2,1,The Course was very bad and poor.,Negative
126,7,4,6,4,1,5,2,1,The Course was very bad and poor.,Negative
761,5,9,6,10,10,1,10,6,The course was okay but could be improved.,Positive
302,8,4,6,7,1,4,1,8,The course was excellent and  relevant to my career.,Positive
650,8,4,7,9,10,2,8,3,The Course was very bad and poor.,Negative
365,10,5,5,3,5,2,3,5,The course was okay but could be improved.,Positive
905,5,9,6,8,10,2,1,1,The Course was very bad and poor.,Negative
415,9,3,5,1,8,9,9,2,The Course was very bad and poor.,Negative
397,10,7,8,6,6,6,2,6,The course was okay but could be improved.,Positive
435,9,9,7,4,1,1,7,5,The course was okay but could be improved.,Positive
945,9,3,8,2,4,9,1,1,The Course was very bad and poor.,Negative
930,8,7,5,1,3,7,2,1,The Course was very bad and poor.,Negative
687,5,9,7,9,3,1,9,5,The course was okay but could be improved.,Positive
852,5,10,5,4,3,10,8,6,The course was okay but could be improved.,Positive
712,6,5,5,7,8,2,9,7,The course was okay but could be improved.,Positive
470,6,10,6,6,7,1,1,2,The Course was very bad and poor.,Negative
43,6,5,4,1,10,7,4,1,The Course was very bad and poor.,Negative
550,5,3,7,8,2,7,7,8,The course was excellent and  relevant to my career.,Positive
844,8,6,4,1,1,8,10,9,The course was excellent and  relevant to my career.,Positive
150,6,5,8,5,2,10,1,6,The course was okay but could be improved.,Positive
168,6,3,8,2,8,10,7,3,The Course was very bad and poor.,Negative
519,8,7,7,6,10,10,4,3,The Course was very bad and poor.,Negative
531,9,8,7,6,3,8,3,7,The course was okay but could be improved.,Positive
643,9,7,7,7,2,4,3,7,The course was okay but could be improved.,Positive
428,6,9,4,4,8,6,2,5,The course was okay but could be improved.,Positive
659,9,4,8,10,6,6,3,8,The course was excellent and  relevant to my career.,Positive
766,10,2,4,3,4,6,9,4,The Course was very bad and poor.,Negative
732,9,2,6,9,4,2,10,10,The course was excellent and  relevant to my career.,Positive
916,10,4,7,3,10,10,7,8,The course was excellent and  relevant to my career.,Positive
979,9,4,7,10,5,2,4,2,The Course was very bad and poor.,Negative
372,5,7,7,9,3,5,10,4,The Course was very bad and poor.,Negative
778,9,4,8,9,8,5,7,4,The Course was very bad and poor.,Negative
579,10,3,7,8,9,1,8,8,The course was excellent and  relevant to my career.,Positive
320,9,6,7,4,3,9,10,2,The Course was very bad and poor.,Negative
645,5,9,6,6,8,5,10,8,The course was excellent and  relevant to my career.,Positive
5,6,7,4,2,3,8,10,7,The course was okay but could be improved.,Positive
294,7,5,4,1,6,2,9,6,The course was okay but could be improved.,Positive
117,8,2,5,10,5,4,3,2,The Course was very bad and poor.,Negative
555,9,2,8,7,2,1,3,10,The course was excellent and  relevant to my career.,Positive
29,6,9,5,1,6,10,4,5,The course was okay but could be improved.,Positive
259,8,3,8,9,7,4,10,7,The course was okay but could be improved.,Positive
47,8,4,4,9,10,10,2,6,The course was okay but could be improved.,Positive
678,8,10,5,2,7,4,1,7,The course was okay but could be improved.,Positive
543,8,2,4,9,3,3,3,4,The Course was very bad and poor.,Negative
908,5,2,5,3,2,10,4,8,The course was excellent and  relevant to my career.,Positive
586,8,2,4,9,8,8,7,7,The course was okay but could be improved.,Positive
98,9,9,7,2,3,3,8,4,The Course was very bad and poor.,Negative
55,8,7,6,2,5,7,7,9,The course was excellent and  relevant to my career.,Positive
913,5,5,6,5,6,7,6,1,The Course was very bad and poor.,Negative
199,9,5,8,3,8,1,1,2,The Course was very bad and poor.,Negative
539,10,2,7,4,3,4,10,1,The Course was very bad and poor.,Negative
759,7,2,4,2,1,5,9,9,The course was excellent and  relevant to my career.,Positive
